{"cameraMode":{"drawMode":0,"name":"Shaded","section":"Shading Mode"},"sceneLighting":false,"audioPlay":false,"sceneViewState":{"m_AlwaysRefresh":false,"showFog":false,"showSkybox":false,"showFlares":false,"showImageEffects":false,"showParticleSystems":false,"showVisualEffectGraphs":true,"m_FxEnabled":true},"in2DMode":false,"pivot":{"x":0.0025586187839508058,"y":0.5843425393104553,"z":-0.0019362866878509522},"rotation":{"x":0.0008687455556355417,"y":-0.9985230565071106,"z":0.05186813324689865,"w":0.01677340269088745},"size":0.6978330016136169,"orthographic":true}